{
  "smoothing_method": "additive",
  "smth_param": 0.9,
  "cnvx_param": 0.5,
  "scnd_smoother": null,
  "0": {
    "precision": 0.34950833689610944,
    "recall": 0.327,
    "f1-score": 0.337879727216367,
    "support": 5000
  },
  "1": {
    "precision": 0.36771890266816987,
    "recall": 0.3914,
    "f1-score": 0.3791900794419686,
    "support": 5000
  },
  "accuracy": 0.3592,
  "macro avg": {
    "precision": 0.3586136197821397,
    "recall": 0.3592,
    "f1-score": 0.3585349033291678,
    "support": 10000
  },
  "weighted avg": {
    "precision": 0.3586136197821396,
    "recall": 0.3592,
    "f1-score": 0.3585349033291678,
    "support": 10000
  }
}