{
  "smoothing_method": "additive",
  "smth_param": 0.3,
  "cnvx_param": 0.5,
  "scnd_smoother": null,
  "0": {
    "precision": 0.7697560975609756,
    "recall": 0.6312,
    "f1-score": 0.6936263736263736,
    "support": 5000
  },
  "1": {
    "precision": 0.6874576271186441,
    "recall": 0.8112,
    "f1-score": 0.7442201834862384,
    "support": 5000
  },
  "accuracy": 0.7212,
  "macro avg": {
    "precision": 0.7286068623398099,
    "recall": 0.7212000000000001,
    "f1-score": 0.718923278556306,
    "support": 10000
  },
  "weighted avg": {
    "precision": 0.7286068623398099,
    "recall": 0.7212,
    "f1-score": 0.718923278556306,
    "support": 10000
  }
}