{
  "smoothing_method": "additive",
  "smth_param": 0.7,
  "cnvx_param": 0.5,
  "scnd_smoother": null,
  "0": {
    "precision": 0.3502994011976048,
    "recall": 0.3276,
    "f1-score": 0.3385696568830095,
    "support": 5000
  },
  "1": {
    "precision": 0.3685199098422239,
    "recall": 0.3924,
    "f1-score": 0.38008523827973656,
    "support": 5000
  },
  "accuracy": 0.36,
  "macro avg": {
    "precision": 0.35940965551991433,
    "recall": 0.36,
    "f1-score": 0.359327447581373,
    "support": 10000
  },
  "weighted avg": {
    "precision": 0.35940965551991433,
    "recall": 0.36,
    "f1-score": 0.359327447581373,
    "support": 10000
  }
}