{
  "smoothing_method": "additive",
  "smth_param": 0.3,
  "cnvx_param": 0.5,
  "scnd_smoother": null,
  "0": {
    "precision": 0.35207353569901667,
    "recall": 0.3294,
    "f1-score": 0.3403595784252945,
    "support": 5000
  },
  "1": {
    "precision": 0.36997369409996245,
    "recall": 0.3938,
    "f1-score": 0.3815152102305755,
    "support": 5000
  },
  "accuracy": 0.3616,
  "macro avg": {
    "precision": 0.36102361489948953,
    "recall": 0.36160000000000003,
    "f1-score": 0.36093739432793503,
    "support": 10000
  },
  "weighted avg": {
    "precision": 0.36102361489948953,
    "recall": 0.3616,
    "f1-score": 0.360937394327935,
    "support": 10000
  }
}