{
  "smoothing_method": "additive",
  "smth_param": 0.5,
  "cnvx_param": 0.5,
  "scnd_smoother": null,
  "0": {
    "precision": 0.3594932254091149,
    "recall": 0.4086,
    "f1-score": 0.38247683235046337,
    "support": 5000
  },
  "1": {
    "precision": 0.315033588139912,
    "recall": 0.272,
    "f1-score": 0.2919394654931845,
    "support": 5000
  },
  "accuracy": 0.3403,
  "macro avg": {
    "precision": 0.33726340677451344,
    "recall": 0.34030000000000005,
    "f1-score": 0.33720814892182394,
    "support": 10000
  },
  "weighted avg": {
    "precision": 0.33726340677451344,
    "recall": 0.3403,
    "f1-score": 0.33720814892182394,
    "support": 10000
  }
}