{
  "smoothing_method": "additive",
  "smth_param": 0.8,
  "cnvx_param": 0.5,
  "scnd_smoother": null,
  "0": {
    "precision": 0.7707616707616708,
    "recall": 0.6274,
    "f1-score": 0.6917309812568909,
    "support": 5000
  },
  "1": {
    "precision": 0.6858347386172007,
    "recall": 0.8134,
    "f1-score": 0.7441903019213174,
    "support": 5000
  },
  "accuracy": 0.7204,
  "macro avg": {
    "precision": 0.7282982046894357,
    "recall": 0.7203999999999999,
    "f1-score": 0.7179606415891042,
    "support": 10000
  },
  "weighted avg": {
    "precision": 0.7282982046894357,
    "recall": 0.7204,
    "f1-score": 0.7179606415891041,
    "support": 10000
  }
}