{
  "smoothing_method": "additive",
  "smth_param": 0.1,
  "cnvx_param": 0.5,
  "scnd_smoother": null,
  "0": {
    "precision": 0.7699050401753105,
    "recall": 0.6324,
    "f1-score": 0.6944108927198859,
    "support": 5000
  },
  "1": {
    "precision": 0.6881045307992534,
    "recall": 0.811,
    "f1-score": 0.7445148260350685,
    "support": 5000
  },
  "accuracy": 0.7217,
  "macro avg": {
    "precision": 0.7290047854872819,
    "recall": 0.7217,
    "f1-score": 0.7194628593774772,
    "support": 10000
  },
  "weighted avg": {
    "precision": 0.7290047854872819,
    "recall": 0.7217,
    "f1-score": 0.7194628593774771,
    "support": 10000
  }
}