{
  "smoothing_method": "additive",
  "smth_param": 0.7,
  "cnvx_param": 0.5,
  "scnd_smoother": null,
  "0": {
    "precision": 0.7709099828305126,
    "recall": 0.6286,
    "f1-score": 0.6925195549190262,
    "support": 5000
  },
  "1": {
    "precision": 0.6864764477460746,
    "recall": 0.8132,
    "f1-score": 0.7444841160853246,
    "support": 5000
  },
  "accuracy": 0.7209,
  "macro avg": {
    "precision": 0.7286932152882937,
    "recall": 0.7209000000000001,
    "f1-score": 0.7185018355021754,
    "support": 10000
  },
  "weighted avg": {
    "precision": 0.7286932152882936,
    "recall": 0.7209,
    "f1-score": 0.7185018355021754,
    "support": 10000
  }
}