{
  "smoothing_method": "additive",
  "smth_param": 0.6,
  "cnvx_param": 0.5,
  "scnd_smoother": null,
  "0": {
    "precision": 0.35058823529411764,
    "recall": 0.3278,
    "f1-score": 0.3388113695090439,
    "support": 5000
  },
  "1": {
    "precision": 0.3688262910798122,
    "recall": 0.3928,
    "f1-score": 0.3804358353510896,
    "support": 5000
  },
  "accuracy": 0.3603,
  "macro avg": {
    "precision": 0.3597072631869649,
    "recall": 0.36029999999999995,
    "f1-score": 0.35962360243006675,
    "support": 10000
  },
  "weighted avg": {
    "precision": 0.35970726318696494,
    "recall": 0.3603,
    "f1-score": 0.35962360243006675,
    "support": 10000
  }
}