{
  "smoothing_method": "jelinek-mercer",
  "smth_param": 0.6,
  "cnvx_param": 0.5,
  "scnd_smoother": "additive",
  "0": {
    "precision": 0.8856786530866764,
    "recall": 0.8522,
    "f1-score": 0.8686168586280705,
    "support": 5000
  },
  "1": {
    "precision": 0.8575833493929467,
    "recall": 0.89,
    "f1-score": 0.8734910197271567,
    "support": 5000
  },
  "accuracy": 0.8711,
  "macro avg": {
    "precision": 0.8716310012398115,
    "recall": 0.8711,
    "f1-score": 0.8710539391776135,
    "support": 10000
  },
  "weighted avg": {
    "precision": 0.8716310012398116,
    "recall": 0.8711,
    "f1-score": 0.8710539391776135,
    "support": 10000
  }
}