{
  "smoothing_method": "jelinek-mercer",
  "smth_param": 0.7,
  "cnvx_param": 0.5,
  "scnd_smoother": "additive",
  "0": {
    "precision": 0.8859995839400874,
    "recall": 0.8518,
    "f1-score": 0.8685632711328644,
    "support": 5000
  },
  "1": {
    "precision": 0.8573079145002889,
    "recall": 0.8904,
    "f1-score": 0.8735406651623663,
    "support": 5000
  },
  "accuracy": 0.8711,
  "macro avg": {
    "precision": 0.8716537492201881,
    "recall": 0.8711,
    "f1-score": 0.8710519681476153,
    "support": 10000
  },
  "weighted avg": {
    "precision": 0.8716537492201882,
    "recall": 0.8711,
    "f1-score": 0.8710519681476154,
    "support": 10000
  }
}