{
  "smoothing_method": "jelinek-mercer",
  "smth_param": 0.6,
  "cnvx_param": 0.5,
  "scnd_smoother": "additive",
  "0": {
    "precision": 0.8588521598053134,
    "recall": 0.847,
    "f1-score": 0.8528849058503676,
    "support": 5000
  },
  "1": {
    "precision": 0.8490826593016374,
    "recall": 0.8608,
    "f1-score": 0.8549011818452676,
    "support": 5000
  },
  "accuracy": 0.8539,
  "macro avg": {
    "precision": 0.8539674095534754,
    "recall": 0.8539,
    "f1-score": 0.8538930438478176,
    "support": 10000
  },
  "weighted avg": {
    "precision": 0.8539674095534754,
    "recall": 0.8539,
    "f1-score": 0.8538930438478175,
    "support": 10000
  }
}