{
  "smoothing_method": "jelinek-mercer",
  "smth_param": 0.4,
  "cnvx_param": 0.5,
  "scnd_smoother": "additive",
  "0": {
    "precision": 0.8852220838522208,
    "recall": 0.853,
    "f1-score": 0.8688123854145448,
    "support": 5000
  },
  "1": {
    "precision": 0.8581628714781937,
    "recall": 0.8894,
    "f1-score": 0.8735022588882342,
    "support": 5000
  },
  "accuracy": 0.8712,
  "macro avg": {
    "precision": 0.8716924776652073,
    "recall": 0.8712,
    "f1-score": 0.8711573221513895,
    "support": 10000
  },
  "weighted avg": {
    "precision": 0.8716924776652071,
    "recall": 0.8712,
    "f1-score": 0.8711573221513896,
    "support": 10000
  }
}