{
  "smoothing_method": "jelinek-mercer",
  "smth_param": 0.8,
  "cnvx_param": 0.5,
  "scnd_smoother": "additive",
  "0": {
    "precision": 0.8579246047831374,
    "recall": 0.8466,
    "f1-score": 0.8522246829071873,
    "support": 5000
  },
  "1": {
    "precision": 0.8485984998026056,
    "recall": 0.8598,
    "f1-score": 0.85416252731969,
    "support": 5000
  },
  "accuracy": 0.8532,
  "macro avg": {
    "precision": 0.8532615522928715,
    "recall": 0.8532,
    "f1-score": 0.8531936051134387,
    "support": 10000
  },
  "weighted avg": {
    "precision": 0.8532615522928714,
    "recall": 0.8532,
    "f1-score": 0.8531936051134388,
    "support": 10000
  }
}