{
  "smoothing_method": "jelinek-mercer",
  "smth_param": 0.3,
  "cnvx_param": 0.5,
  "scnd_smoother": "additive",
  "0": {
    "precision": 0.8845117147003939,
    "recall": 0.8532,
    "f1-score": 0.8685737554718517,
    "support": 5000
  },
  "1": {
    "precision": 0.8582190457794089,
    "recall": 0.8886,
    "f1-score": 0.873145327699715,
    "support": 5000
  },
  "accuracy": 0.8709,
  "macro avg": {
    "precision": 0.8713653802399014,
    "recall": 0.8709,
    "f1-score": 0.8708595415857834,
    "support": 10000
  },
  "weighted avg": {
    "precision": 0.8713653802399014,
    "recall": 0.8709,
    "f1-score": 0.8708595415857834,
    "support": 10000
  }
}