{
  "smoothing_method": "jelinek-mercer",
  "smth_param": 0.2,
  "cnvx_param": 0.5,
  "scnd_smoother": "additive",
  "0": {
    "precision": 0.8847190545303752,
    "recall": 0.8534,
    "f1-score": 0.8687773592588822,
    "support": 5000
  },
  "1": {
    "precision": 0.8584122078423797,
    "recall": 0.8888,
    "f1-score": 0.8733418492679571,
    "support": 5000
  },
  "accuracy": 0.8711,
  "macro avg": {
    "precision": 0.8715656311863775,
    "recall": 0.8711,
    "f1-score": 0.8710596042634197,
    "support": 10000
  },
  "weighted avg": {
    "precision": 0.8715656311863775,
    "recall": 0.8711,
    "f1-score": 0.8710596042634197,
    "support": 10000
  }
}